review_num,orig_idx,Clothing ID,Age,Title,Review Text,Rating,Recommended IND,Positive Feedback Count,Division Name,Department Name,Class Name,has_review_text,is_truncated,product_review_count,coverage_tier,age_band,rating_rec_conflict,stratum
1,7425,820,27,Worst peplum top in history,"This is the most unflattering peplum top i have ever tried on. fit perfectly as a size 6 should in the arms, shoulder, chest... then the waist was huge! just hung off of me like a flour sack. it was wider than the chest measurements, which made me appear frumpy instead of tailored and classic. combine that with the high-low hemline and it looked like a project runway reject. sent back immediately, do not buy this if you have (or want to appear to have) an hourglass figure, it will do nothing for",1,0,0,General Petite,Tops,Blouses,True,True,211,sufficient,18-29,False,NEGATIVE
2,21607,1086,28,"So close, but the cut is not good!","I have these shirts in the blue and green and they were great. i'm 5'4"" c chest and athletic build - the small shirts fit pretty good and i love the fabric so i kept them. i really wanted these dresses to work but the cut was different even between the gray and burgundy. there was tons of room in the chest, but it was tight in the shoulders. i really wanted to love this, but there's just too many cut issues. it is a good length for work though.",2,0,0,General,Dresses,Dresses,True,False,291,sufficient,18-29,False,NEGATIVE
3,17513,450,36,Soooo disappointed!,"I was hoping these would be like some of the lace shorts i bought from retailer last year that i loved so much. sadly, no. first of all they run small. i am between a s and xs in most brands, bought a s in these because i like my shorts on the looser side. these felt a little snug and short, but i decided to keep them. the first time i washed them, they were ruined. i followed the directions exactly and even put them in a lingerie bag in the washer, plus a delicate cycle, no dryer. the lace is man",1,0,11,General,Bottoms,Shorts,True,True,2,thin,30-39,False,NEGATIVE
4,11103,876,43,Rediculously small,"This top is beautiful online and in person. i am in no way a large full figured gal, but i did order an xl. reading the past review and wanting an airy fit i ordered a larger size. this shirt is horribly tiny in person! the xl regular fit looked like an xs. have no idea if this particular shirt sent to me was miss sized or what. will take back. other than fit, the shirt is very beautiful in every way.",1,0,6,General Petite,Tops,Knits,True,False,88,sufficient,40-49,False,NEGATIVE
5,11071,1092,27,Does not look good in person- strawberry shortcake,"This dress looks amazing on-line. in person the arm ruffles are much larger and stick out, and the dress at the bottom makes you look like strawberry shortcake. too much all over ruffling at the chest and is not flattering. pattern is dizzying in person. 

very thin multi layer dress. should be better material and quality for this price. save your money and shipping.",1,0,1,General Petite,Dresses,Dresses,True,False,220,sufficient,18-29,False,NEGATIVE
6,4732,381,30,Not for the busty babes!,"Loved the material and the style. unfortunately, my fears came true when i received this swimsuit, and there wasn't enough support despite a review i had read. as a 36d, i thought the halter would be enough support, however, the material is too stretchy to rely on that completely. i am sad i won't be keeping this though. the material is heavenly!!!",2,0,4,Initmates,Intimate,Swim,True,False,9,thin,30-39,False,NEGATIVE
7,4335,1094,24,,"Loved this dress when i tried it on in the store and thought it would be perfect for a casual wedding. unfortunately, the day of the wedding the zipper split and i had to wear something else. it fit well, but was poorly made. based off other reviews, this isn't the first time this has happened with this dress! not worth the risk at all.",1,0,1,General,Dresses,Dresses,True,False,756,sufficient,18-29,False,NEGATIVE
8,13357,870,47,"Boxy, short and unflattering","Ordered this top online, as i loved the colors and design, but i should have listened to the other reviewers. i ordered my usual size m, and it was just very unflattering. it was short and wide, not at all like it's pictured on the model. needless to say it was immediately shipped back.",2,0,0,General Petite,Tops,Knits,True,False,53,sufficient,40-49,False,NEGATIVE
9,15122,940,34,Wanted to love this,"I saw this sweater on-line and loved it until i tried it on. i'm 5-7, flat chested, 135 pounds and i ordered a size small. the sweater fit everywhere except for my arms. this sweater will work great if you are short. consider making your sweaters a little longer, because i do not consider myself tall.",1,0,1,General,Tops,Sweaters,True,False,130,sufficient,30-39,False,NEGATIVE
10,4297,1094,24,Great dress but not functional,"I loved this dress. it runs small (i'm normally a 2) so i had to get a 4. in the fitting room, the zippers got stuck a lot. i assumed it was just from the way the waist was sewn in. finally i found a dress that would zip pretty well. 

i went to put on this dress for my rehearsal dinner the night before my wedding. my fiance and i tried in vain for 20 minutes to try to zip it up... and then it broke. the part that was zipped became unzipped and the zipper had no where to go. it was awful. i co",1,0,3,General,Dresses,Dresses,True,True,756,sufficient,18-29,False,NEGATIVE
11,21915,1028,33,Not impressed,"I've worn citizens for almost 12 years now, i keep going back because i have an athletic figure (my thighs and butt are bigger than my waist), and usually citizens fit and hug all the right places and are made with a certain quality expectation - these did not meet any of those standards, the ripped as soon as i put them on. the material seemed cheap.",1,0,5,General,Bottoms,Jeans,True,False,83,sufficient,30-39,False,NEGATIVE
12,9641,945,27,Misleading photo,"I would have loved this sweater if it were true to the picture but the stripes are gray, not white. either i got a strange one or (as happens to me sometimes with retailer) the pictures are very misleading. disappointed because i wanted to love this.",2,0,2,General,Tops,Sweaters,True,False,70,sufficient,18-29,False,NEGATIVE
13,13479,1094,51,Weird,This dress just fits weird. maybe it works for somebody..... there is a reason it has been put on sale...,1,0,1,General,Dresses,Dresses,True,False,756,sufficient,50-59,False,NEGATIVE
14,17586,1110,67,"Super cute, horrible slip","Super cute dress online on the model. what you can't tell from the picture is the slip underneath is not true to size of the dress and the outside layer of the dress is more sheer than the picture shows so you can tell the slip underneath is very tight. it might be my body type. otherwise, it's super cute in person and i wish it would've fit better!",2,0,17,General,Dresses,Dresses,True,False,480,sufficient,60+,False,NEGATIVE
15,9122,825,26,"Horrible quality, no structure",I recently purchased this blouse on their 40% off sale in white. i was hoping for a crisp white structured blouse. i did read all the reviews and thought i would give it a try anyway. it is awful. there is no structure or shape but the quality is the reason i am returning. it feels like a napkin or thinner. not even worth the extra sale price. i will be returning.,1,0,0,General Petite,Tops,Blouses,True,False,93,sufficient,18-29,False,NEGATIVE
16,17233,831,33,Poor quality,The material is so thin and so itchy..like other reviewers stated..it itches so bad and feels like sandpaper..i thought it would be ok to wear a tank top underneath but sleeves are still itchy. otherwise the design is great and the long peplum hem is very pretty and would look great with skinny pants or leggings and boots,1,0,0,General,Tops,Blouses,True,False,164,sufficient,30-39,False,NEGATIVE
17,12875,1078,49,Wanted to like it,"I have a holding horses dress similar to this one from about a year ago. i loved the swinging fit without it looking like a maternity dress. the fit and style of this dress is wonderful, it's the color that killed it for me. i ordered the ""orange"" because i liked the photo on the model. when the dress arrived in the mail, i could hardly take it out of the package and try it on. the color is almost neon orange. too much for this redhead. hard to wear that bright neony color. not sure",2,0,0,General Petite,Dresses,Dresses,True,False,1024,sufficient,40-49,False,NEGATIVE
18,19893,1082,24,Unflattering,This dress was really odd. i loved the quirky mixture of the blue stripe and the floral but that's about it. the shape was unflattering but honestly that could be because this dress ran large. i was just very underwhelmed with this dress. also the hidden button zipper at the front was an amazing idea but not the best execution. overall its okay just hated it on me.,2,0,1,General Petite,Dresses,Dresses,True,False,147,sufficient,18-29,False,NEGATIVE
19,9531,895,42,Beautiful color but baggy fit,"I wanted to love this sweater. the lavender color and design with the pleated back was beautiful. however when i put it on, it added at least 20 pounds to my frame. unfortunately it's going back since the cut just doesn't work on my frame.",2,0,1,General,Tops,Fine gauge,True,False,404,sufficient,40-49,False,NEGATIVE
20,11112,90,58,Stretched out upon receipt,"I opened these when i got them yesterday and immediately tried them on. the knees were totally stretched out and due to the panel at the knee, it looked like i had growths popping out between my legs at my knees. someone had received these before me and sent them back after they tried them on or wore them then returned them. they were obviously too small for whoever did that. these never should have been resent to another customer. they are obviously very misshapen. they are going back. on a bet",1,0,0,Initmates,Intimate,Legwear,True,True,14,thin,50-59,False,NEGATIVE
21,14173,1083,33,Significant other required,"This dress is beautiful and extremely well made... if you can get into it. the only way to close the dress is a line of difficult to button buttons up the back. it's form fitting, so you'd better be on your yoga a game or have a loved one or hand maiden to lend a hand. i thought about taking it to a tailor to install a hidden side zipper, but it's soooo form fitting i'm afraid i wouldn't wear it.",2,0,1,General,Dresses,Dresses,True,False,249,sufficient,30-39,False,NEGATIVE
22,11814,1079,70,"Pretty but heavy, buttonholes too small","Really like this dress but.....
the dress is lined in a heavy fabric and weighs a lot for a summer dress
worst of all there is no chance at all of getting the buttons through the button holes.
impossible!
has to go back",2,0,1,General,Dresses,Dresses,True,False,63,sufficient,60+,False,NEGATIVE
23,22333,316,30,Bigger than my first apartment,"I followed the other reviews and sized down. normally, i'm a small/medium in retailer (5'8""/135 for clarification) and i expected the garment to be a bit roomy. i ordered the small and when it arrived i almost called the corporate office to ensure i didn't have to pay rent on the romper, given that you could comfortably fit a small family of five in it. oddly, the arm-holes were normal sized? i returned this mess.",1,0,1,General,Bottoms,Shorts,True,False,15,thin,30-39,False,NEGATIVE
24,10806,907,40,,"This sweater was not as featured in the picture. the front is completely cropped while the back is regular length. the front barely reached the middle of my stomach. also, the color was not as vibrant as shown in the picture. this sweater will be going back.",1,0,1,General,Tops,Fine gauge,True,False,130,sufficient,40-49,False,NEGATIVE
25,7706,867,63,"Bulky, unflattering",I was surprised by the other reviews. expected to live in this all winter but found the style bulky and awkward. the hi-low cut with so much bulk just wasn't flattering. i wish the armholes had been larger so that the body of the shirt would have fallen closer to my body. the armholes are the size of a fitted shirt which pulls the shirt wide rather than allowing it to drape a bit more. it is incredibly soft but just not as comfortable as i'd hoped. it went back.,2,0,4,General,Tops,Knits,True,False,351,sufficient,60+,False,NEGATIVE
26,14286,1073,37,Sad this couldn't come home with me....,"So i really loved this dress. i am tall (6ft) and the size 8 was perfect length. i would have worn it with flat dressy sandals. i would say it is true to size. i am not a flowy dress kind of girl but this was just the perfect amount of ""flow"" without making me feel like i was wearing a long potato sack. the back is just gorgeous and unique. here is why i couldn't make it mine. the tube top part is completely detachable and extremely thin. there is literally not much to it and i'm not sure it wou",2,0,7,General Petite,Dresses,Dresses,True,True,2,thin,30-39,False,NEGATIVE
27,97,861,44,Huge,"I was very excited to order this top in red xs. so cute, but it was huge, shapeless and support thin! it had to go back. i should've looked at other reviews.",1,0,0,General Petite,Tops,Knits,True,False,244,sufficient,40-49,False,NEGATIVE
28,9967,1062,30,Interesting cut,"These have a very interesting cut. it seems like they were made for someone extremely tall. i'm about 5'5"" and the size 4 fit in the waist, but fell way below where they do on the model on the picture. it's hard to imagine who they would look good on, they're also very poofy right below the waist.",2,0,0,General,Bottoms,Pants,True,False,9,thin,30-39,False,NEGATIVE
29,18216,350,33,Man shorts,"I was so excited to try these, it's hard to find cute bermuda shorts. the legs were so wide. my husband asked if i was wearing his shorts. they don't look that wide in the picture. i am 5'4"" and 130 lbs i bought my regular size 28 but the waist was huge i could have sized down one or two sizes. unrolled they came to my knee.",1,0,9,General,Bottoms,Shorts,True,False,7,thin,30-39,False,NEGATIVE
30,22790,1078,28,"Drab color, weird fit","Couldn't make it work, even belted. ivory color is darker irl--dingy light tan, like dirty vintage. ""drop"" waist is not dropped at all, just a maternity-ish cut that starts boxy-loose high up (below bust), then abruptly flares out at bellybutton level (not low hip) into the skirt. i usually find a-line cuts good at giving illusion of a willowy, curvy waist, but this does not--adds ten pounds. poly fabric heavy/hot; rayon lining awkward and doesn't flow/drape. (5'3'' 127lb 34a, tried xs)",2,0,0,General Petite,Dresses,Dresses,True,False,1024,sufficient,18-29,False,NEGATIVE
31,7891,866,30,,"I tried this top on thinking it would be cute for the summer. it looked more like a maternity top with the fullness in the bottom. so if you're expecting, this one would be great.",1,0,18,General Petite,Tops,Knits,True,False,121,sufficient,30-39,False,NEGATIVE
32,610,995,34,No shape,It looks like you are wearing cargo shorts. really unflattering. avoid buying this skirt,2,0,1,General,Bottoms,Skirts,True,False,36,sufficient,30-39,False,NEGATIVE
33,20340,857,54,Not as expected,"The material was thin, showed every lump you'd rather hide and clung to the body. even the sleeves were tight. looked inexpensive.",2,0,13,General Petite,Tops,Knits,True,False,71,sufficient,50-59,False,NEGATIVE
34,9041,971,36,Not cute,"This blazer looks great on the model and i have a long torso so i thought it would be perfect. when i got it it looked like a big box and didn't fit anywhere. the shoulder pads were giant and the bottom of the coat was huge. i got a small based on other reviews, but it was way too big. sadly, i had to return it.",1,0,0,General Petite,Jackets,Jackets,True,False,5,thin,30-39,False,NEGATIVE
35,18804,868,37,Too billowy,"I like the color blocking of this top, but it was too large and billowy on the bottom. it felt like a pregnancy top so i had to return it as it gave me no shape.",2,0,1,General,Tops,Knits,True,False,430,sufficient,30-39,False,NEGATIVE
36,2803,868,34,So tent-like and unflattering!,"Looks great on the model, but in actuality there is way too much fabric; what should be flowy and billowy looks like a tent (or a maternity top on a petite woman). it didn't matter which size, they all fit me disastrously. i love the look and i thought of keeping it and having it taken in, but there's too much fabric under the chest to make it an easy cut/alteration on the side seams. sometimes i wonder who comes up with these patterns, and if they pin the shirts back on the models. if you put a",1,0,0,General,Tops,Knits,True,True,430,sufficient,30-39,False,NEGATIVE
37,6884,251,38,,"I really wanted to love this cardigan and did until i tried it on. the arms are so tight! i ordered in a m, which is my normal retailer size, but couldn't move my arms. took it back, was going to try in a l, but store didn't have any. for the price, i need to be able to move my arms!",2,0,1,Initmates,Intimate,Lounge,True,False,13,thin,30-39,False,NEGATIVE
38,22530,1033,28,Fits amazing...formed holes after 1 month,"Really disappointing quality. these jeans are of a very poor quality material and developed holes in the inseams after only a month! i love pilcros, and am totally shocked at the poor quality...retailer, i hope this is just a fluke. not worth the money!",1,0,4,General,Bottoms,Jeans,True,False,220,sufficient,18-29,False,NEGATIVE
39,565,833,47,,"This top runs super small in the upper arms, shoulder area..could not even stretch out my arms! ...other then that major problem, the length and body fit were perfect...i am true med and/or large in all retailer tops so i tried sizes 10, 12 and neither worked for me due to arm/shoulder fit...disappointed because it really is a beautiful top...",1,0,12,General,Tops,Blouses,True,False,157,sufficient,40-49,False,NEGATIVE
40,20243,824,65,Not for the full figured,This would be a great blouse for flat chested person. i am a size 12 and busty. i ordered an xl and it was ridiculously tight across the chest and the fabric is see through. you would need to wear a cami under it.,1,0,3,General,Tops,Blouses,True,False,96,sufficient,60+,False,NEGATIVE
41,22926,895,56,Only the sleeves are pretty; the rest is terrible,"The sleeves on this top always caught my eye every single time i was in a store. they never had my size to try on, so when a free shipping offer came up, i ordered the ivory top in a size large. well, the sleeves are indeed stunning, but that is all that is attractive about this top! the rest was a plain, blank, white canvas. in fact, that's what it felt like to wear it -- like i was wearing a tent or an artist's canvas on my chest. yuck! how can this designer put so much thought and care into t",1,0,0,General Petite,Tops,Fine gauge,True,True,404,sufficient,50-59,False,NEGATIVE
42,6004,873,52,Not as cute in person,"Per the other reviews i sized up and got the medium. it was still tight around the girls (and i'm not that well endowed), but too big in the armholes. the fabric is a kind of thin tee shirt material. i kept it (because i'm lazy) but not sure how much i'll wear it given the strange fit.",2,0,0,General,Tops,Knits,True,False,238,sufficient,50-59,False,NEGATIVE
43,14858,844,37,,Material was a tad rough for my liking. the color did nothing for my olive complexion. given the price of this shirt (even with 20% off) i don't think it's worth it. if i'm spending $100+ on a blouse i need to love it and i do not love this one...going back.,2,0,2,General,Tops,Blouses,True,False,50,sufficient,30-39,False,NEGATIVE
44,6653,977,52,Hideous looking,Does not look like the picture. lined with a cheap denim fabric inside that shows when arms are rolled up. i normally always fit in mediums and this jacket is so small in the arms as well as body that it fit like a xs.,2,0,1,General Petite,Jackets,Jackets,True,False,9,thin,50-59,False,NEGATIVE
45,350,844,36,So disappointed! please fix it!,"This blouse is so beautiful - the collar, sleeves, material...everything except the cut! it was like a tent. it needed to be more tapered, which would be easy to do while still maintaining the beautiful breezy flow, and be about two inches longer.

i had been drooling over this top for awhile and was so disappointed! please fix it and then i will buy again. i am 5'4"", 140lbs and busty...a small was perfect, with the exception of the massive amount of material.",2,0,0,General Petite,Tops,Blouses,True,False,50,sufficient,30-39,False,NEGATIVE
46,7838,1053,46,"Looks like pajamas, not flattering","I love jumpsuits for their style and comfort. i loved the look of this blue silky piece, and the review that said it was like lounge wear you could wear out of the house. i agree that it is like lounge wear, but for me, there were a few challenges.

first, the fit was small. i am usually anywhere between a 2 and a 6 depending on style, cut and brand. i tried the small in this and it was not a flowy look or feel. it was restrictive in the hip area in a way that would make me not want to wear th",2,0,0,General,Bottoms,Pants,True,True,41,sufficient,40-49,False,NEGATIVE
47,4542,820,55,,"I fell in love with this shirt the moment i saw it!
unfortunately, when i went to put it on, there was a hole running down the seam in the back. i went to store to exchange, wore the shirt, and someone tells me i have two holes in the back of my shirt. horrified, i went home, took a look, both holes along the seam! i will be returning this, i really liked this shirt!",2,0,0,General,Tops,Blouses,True,False,211,sufficient,50-59,False,NEGATIVE
48,20887,1075,38,Huge!!!!,"This could seriously fit a large and it's an xs. so frustrating!! this is the fourth retailer dress that is ordered that is just enormous. i get the whole ""loose fit"" style, but seriously??? you've taken it to a whole new level, retailer!!! another trip to the store to return another item. a complete waste of my time. ugh.",1,0,2,General,Dresses,Dresses,True,False,69,sufficient,30-39,False,NEGATIVE
49,5912,1094,37,"Great shape, poor condition","Love the shape and flow of this dress. but i was sent a dirty stained dress so this is going back.

would not recommend",2,0,1,General,Dresses,Dresses,True,False,756,sufficient,30-39,False,NEGATIVE
50,5680,1030,53,Runs small,"I ordered these jeans twice because i love them. the first pair were mis-marked by about 4 sizes so i re-ordered. second pair still didn't fit, they run really small, i would probably need one maybe two sizes larger than normal to achieve the fit and feel of the other skinny jeans in my closet:(",2,0,2,General,Bottoms,Jeans,True,False,72,sufficient,50-59,False,NEGATIVE
51,161,829,52,"Scratchy, uncomfortable top","The title says it all....this fabric of this top is both the best and worst part of the design. the colors are vibrant and the combination of materials (shoulder is a knit, sweater-like navy fabric) is interesting. however, that is where the positive comments end on this one. the top is so scratchy,, stiff, and, frankly, uncomfortable. i cannot imagine wanting to wear it. it could benefit from a lining, and that might have solved the problem of scratchy, itchy fabric.

the stiff fabric of the bo",1,0,8,General Petite,Tops,Blouses,True,True,527,sufficient,50-59,False,NEGATIVE
52,13947,128,30,Pills horribly,"I splurged on this pajama set for myself and now regret it. even though the design is adorable, the knitted fabric contains acrylic and started pilling a lot within the first week of wear. after a month and a couple washes, it looks horrible. it may be the worst case of pilling i've ever seen in a fabric. so so disappointed. it initially fit true to size but has stretched out a bit over time.",1,0,0,General Petite,Intimate,Lounge,True,False,6,thin,30-39,False,NEGATIVE
53,6678,909,57,Sweater not as shown in photo,"Much to my surprise when i tried on this sweater i found that it was cut in a bell shape and not at all fitted or straight like in the photo. when i pulled it out of the package i thought i'd ordered the wrong size because the shoulders looked so narrow. but when i tried it on the shoulders fit perfectly, with beautiful detail and high quality material, but the sweater belling out to a very wide shape. it is very wide at the hip and looks out of proportion. it doesn't look anything like the phot",1,0,17,General,Tops,Fine gauge,True,True,122,sufficient,50-59,False,NEGATIVE
54,9222,829,48,Prettier in pic!,"I just returned this top. i agree with the previous reviewer. the neckline is way too deep, i ordered small and i looked ridiculous in it. also the ruffles didn't look so great on me either.",2,0,1,General,Tops,Blouses,True,False,527,sufficient,40-49,False,NEGATIVE
55,21150,1044,50,Not flattering if you have thighs!,I am not particularly large but i have thighs! this pair of pants was totally unflattering! my butt looked fine but everything else looked bigger and my legs looked like stumps. i now understand why it's on sale. you may like these pants if you are tall and thin legged. but otherwise skip them. plus the material seems like it would discolor or stain easily. i had a pair from retailer in the same material last year that developed an odd discoloration the first time i wore them.,2,0,1,General,Bottoms,Pants,True,False,42,sufficient,50-59,False,NEGATIVE
56,9845,944,40,Way to big and boxy,This sweater looks great in the picture but when it came in the mail turned out to be enormous. i tried it with a belt on like in the picture but that just made the whole sweater bunch up everywhere. the quality is nice. maybe sizing down would help. but the medium/large is going back. i am normally a medium.,2,0,0,General,Tops,Sweaters,True,False,16,thin,40-49,False,NEGATIVE
57,6465,907,46,Disappointment in the ivory version,"I ordered this in size xl in ivory. it was a drab, poorly-made, too-small sweater. the knit material wasn't good quality and the overall fit didn't work. i liked the light red color and maybe if that had been in stock, then i would have overlooked the problems. but, there are better ivory retailer cardigans available. this was returned.",2,0,0,General,Tops,Fine gauge,True,False,130,sufficient,40-49,False,NEGATIVE
58,4573,820,36,Shrunk,I absolutely loved this top. it fit great and was easy to dress up or down. i wore it once and washed it according to the tag. cold water and flat dry. it is now 4 sizes too small and unwearable. extremely disgusted.,1,0,0,General,Tops,Blouses,True,False,211,sufficient,30-39,False,NEGATIVE
59,17472,868,62,I really want to love this top...,"I want to love this shirt, i really do, but it's huge! the top is tent-like, which would be adorable with skinny jeans, however the length of the back dips so low, the top kind of reminds me of pajamas. the color is beautiful, more like a light grey heather, and the white piping is like a shimmery ribbon material. overall, the top is cute, but it dips too low in the back and the bow weighs down the back of the shirt, so it makes it hard to adjust it in the front. sadly, it's a return.",2,0,7,General,Tops,Knits,True,False,430,sufficient,60+,False,NEGATIVE
60,13561,1080,32,Dress in catalog is not the same,"I saw this dress in the catalog and immediately ran to the store to purchase. then i realized the dress in the catalog is slightly different, but the small differences is what makes the catalog dress so much more unique and worth the money! look at the top, the stripe colors are different. and the stripes flow different on the skirt part as well. and the dress was short on me and i'm two inches shorter than the model. bummer.",1,0,5,General,Dresses,Dresses,True,False,289,sufficient,30-39,False,NEGATIVE
61,2366,872,34,"Love the shirt, but arm holes are a bit big","I love the shirt and it runs true to size everywhere but the arm holes. i bought a size small and the length was great, the fit was great, but the arm holes were gappy and big. i had to return it and was bummed because i loved it otherwise.",2,1,8,General Petite,Tops,Knits,True,False,545,sufficient,30-39,True,CONFLICT
62,22395,877,59,Itchy gold metallic thread,I couldn't tell on line this top has gold metallic thread running throughout. i find metallic thread to be itchy. when i first put it on i thought it might be o.k. i can tolerate a fair amount of itch in fabric. after about 5 minutes i suddently couldn't wait to get it off. seemed like the longer it was next to my skin the more irritating it became. it is also a bit thinner fabric than i expected. i was hoping to use it as a layering piece. it would work well for layering if it was comfortable.,4,0,8,General Petite,Tops,Knits,True,False,154,sufficient,50-59,True,CONFLICT
63,20741,1078,72,Very roomy,For me this had too much material and was a little too tent like. a beautiful dress but not my style. i prefer more a line with not so much material.if you are looking for something roomy this is a good choice.,4,0,1,General Petite,Dresses,Dresses,True,False,1024,sufficient,60+,True,CONFLICT
64,20017,1180,54,I would keep it if it was not asymmetrical,"I wish there were be fewer asymmetrical tops in the store. i see many tops i like until i discover they have an asymmetrical hem and are longer in the back, which i do not prefer.",4,0,2,General,Tops,Blouses,True,False,2,thin,50-59,True,CONFLICT
65,19284,1092,27,Fits like a bag :(,"I was stoked to get this dress, and it is truly beautiful, but the fit is so awful. it was like being swallowed up by a bag. i ordered my usual size 6; i'm 5'7"" 140 lbs, and a bra size 34dd, but the dress just fell on me like a sack. i was so disappointed!! had to return.",4,0,0,General Petite,Dresses,Dresses,True,False,220,sufficient,18-29,True,CONFLICT
66,13040,1078,39,Does really run large,"I found this dress to run large (like the other reviewers have mentioned). the quality is really nice, and the sweater fabric is a nice touch. it hit me right above the knee, and i an 5'5"". it is a purplish pink (as pictured). if it fits you properly, you will be pleased with the quality, color and unique style.",4,0,0,General Petite,Dresses,Dresses,True,False,1024,sufficient,30-39,True,CONFLICT
67,10126,820,34,Could be cute on the right person,I wanted to love this shirt. it's not my usual style buy it looked so great online. unfortunately the actual shirt is much more brown in color and design than i thought looking online. i'm fair coloring & it just wasn't flattering. i'm thin but have a larger chest and this style just wasn't right for me. could definitely be cute on someone else but not a good match for me.,2,1,3,General Petite,Tops,Blouses,True,False,211,sufficient,30-39,True,CONFLICT
68,9674,865,33,Love it!,I didn't realize how much i would love this. wore it to work the other day and got more compliments than i have in a very long time on an outfit! it's comfortable and easy and flattering. bought this totally on a whim and so glad i did!,5,0,0,General,Tops,Knits,True,False,134,sufficient,30-39,True,CONFLICT
69,16987,984,57,,Love the jacket! so versatile! would probably order up a size if you like a loose fit.,1,1,2,General,Jackets,Jackets,True,False,175,sufficient,50-59,True,CONFLICT
70,18666,1104,55,,"This is a cute dress, but not for me. 1. i think it runs very small, 2. it is super textured so if you don't want to add bulk (aka pounds) to your frame, this probably isn't for you. it's too bad it's online only because i would have benefitted from trying this on first. i'm sure it's probably adorable on smaller, thinner people. unfortunately, mine is going back.",1,1,3,General,Dresses,Dresses,True,False,185,sufficient,50-59,True,CONFLICT
71,12334,823,52,Very see through,"I ordered this shirt online and didn't even try it on... it is super see through and i would need to wear a tank underneath and i don't want to have that extra layer in the summer.
it is cute though!",2,1,0,General Petite,Tops,Blouses,True,False,105,sufficient,50-59,True,CONFLICT
72,22976,1008,34,"Everyday skirt, but just okay","The reason for the title above is this skirt doesn't wow me. i felt like i could find this anywhere, and i don't go to retailer for such things. they have definitely mainstreamed more and more over the years....
__________
pros:
- tts. i tried on a large (and i'm normally either a 10 or 12) and it fit well and hung well on my hourglass and wider hips without billowing out.
- flows nicely! it does have a great movement to it.
- a good everyday skirt.
- not sheer at all. it is lined.
- when y",2,1,13,General Petite,Bottoms,Skirts,True,True,186,sufficient,30-39,True,CONFLICT
73,15755,865,36,Returned immediately,"First, the product arrived in a very small bag that made for many, many wrinkles - almost impossible to determine what it might look like. shame on retailer for sending their items in this manner. secondly, i don't know how individuals wear this with a bra. the back is cut so low that my bra back band partially showed - not my idea of a good look. third, the front necessitated a cami, and there is no way a cami can be worn due to how it is cut in the back. returning now, and i just received it.",4,0,10,General,Tops,Knits,True,False,134,sufficient,30-39,True,CONFLICT
74,11776,1052,33,,I was so excited to get these. i paid for two day shipping and ordered medium and large . sadly they did not fit. i usually wear medium but ordered both just in case. i'm very disappointed that they run so small and are not true to size. they are super cute from someone skinny.,2,1,8,General Petite,Bottoms,Pants,True,False,37,sufficient,30-39,True,CONFLICT
75,9624,872,51,Nippley,"Lovely cut, pretty creamy color, great top for strong shoulders, however. the upper section of this top is way more sheer than it appears in the photos. there is no bra that would really work with it--unless you want to embrace the undergarment visibility and go with one that has really pretty straps. just be sure the bra fits especially well, because any back fat will absolutely show. if you go without a bra, though: headlights. so there's that.",4,0,2,General,Tops,Knits,True,False,545,sufficient,50-59,True,CONFLICT
76,9441,898,46,Too small!,"Had to return this for a couple of reasons: 1) was too small! it's made like one of those tiny mittens that stretches to fit any size hand. i didn't bother to order a size up because i wasn't sure whether to go from a small to a medium or to a large. 2) the main color isn't grey, like the picture. it's a black and white checkered pattern. so, it doesn't look at all grey irl.

i'm still recommending because, if you get the right size, and like the colors, it will be a nice, light and comfy swea",2,1,1,General,Tops,Fine gauge,True,True,28,sufficient,40-49,True,CONFLICT
77,3499,872,52,Love this top!,This top is one of my retailer faves! it is so comfortable and love the quality and design. i receive many compliments on this top. i usually wear an xs or s in retailer tops and the xs was a little tight in the arms. the dressing room attendant suggested ordering a petite small so i wouldn't lose the shape. so glad i did. it fits perfect! i even ordered when it was on sale!! the gray color is perfect! its not too thick or thin.,5,0,2,General,Tops,Knits,True,False,545,sufficient,50-59,True,CONFLICT
78,22619,455,34,This is a zippered hoodie,Just wanted to review so people know this hoodie has a zipper. it's very soft and comfy but i was looking for a pullover hoodie and am disappointed that once again retailer's picture doesn't match the actual product. it does fit true to size however.,1,1,7,Initmates,Intimate,Lounge,True,False,5,thin,30-39,True,CONFLICT
79,21233,1126,27,No shoulder mobility,"1st, this jacket fits true to size. 2nd, the shoulders are too tight (design--not sizing), as other reviewers have noted. it's such a beautiful design and material, so it's unfortunate that the shoulders are so tight the jacket is a little impractical.

i purchased this jacket with 40% off sale price. i'm not sure it's worth it for such oversight on shoulder mobility.",4,0,0,General,Jackets,Outerwear,True,False,42,sufficient,18-29,True,CONFLICT
80,21950,1074,42,Beautiful fabric,"I ordered this in a 4 (34b, 140lbs., 5'8"") because it looked like it would run big, and it definitely does! the 4 fit comfortably but the cut of this dress made me look about 10 lbs. heavier than i am. i am pear-shaped and this dress made me look very bottom heavy, so i returned it. that said, the material is gorgeous!, as it is the perfect weight and the colors are much more striking and complementary in person. if i had a straight(er) silhouette and a larger bust, this dress would have been a",2,1,2,General,Dresses,Dresses,True,False,45,sufficient,40-49,True,CONFLICT
81,20789,1078,29,Pretty dress. fit was not for me.,"I love this maxi dress. it is fitted up top and very maxi like on the bottom. it was to much fabric for me, the dress made me look heavier than i am. i am 5'9' and 160. i fit in the medium. the dress just didn't do anything for my body type - curvy. i think you need to be fairly lean to look nice in this dress. sadly, i had to return. maeve makes great maxi's, unfortunately they don't fit me correctly.",4,0,3,General Petite,Dresses,Dresses,True,False,1024,sufficient,18-29,True,CONFLICT
82,20991,1070,45,Flattering and comfy,"I love these leggings! the material is a bit thicker than your typical leggings material so it hugs without being too clingy like spandex. the fit i's somewhere between leggings and skinny pants. the suede fabric feels soft and looks to be of good quality. the petite fit works perfectly for me as well, no bunching at the ankles. i can see these being a staple in the upcoming months.",5,0,1,General,Bottoms,Pants,True,False,46,sufficient,40-49,True,CONFLICT
83,18307,1112,36,Not like picture,"I really wanted to love this coat. it is well made and unique. i usually buy the petite versions but they were sold out.
however i went ahead and purchased a regular size because i wanted a second winter coat.
sadly, it looked more like a cocoon coat on me. it stuck out at the back. probably because it was not a petite. it pulled across my chest, like shoulders were too short. for reference, i am 5 feet, 109lbs, and a 32d.
i didn't mind the fluffiness of the top portion and the tie is useful for",4,0,0,General,Jackets,Outerwear,True,True,9,thin,30-39,True,CONFLICT
84,7740,872,44,Odd neckline,"I loved the color and design until i tried it on in the store. i am 5'5"" with a slender build. i tried my usual xs but couldn't manage to put this shirt on me without risking smear my makeup or scratch my face by the elastic band at the neckline. the band is so small even fully stretched out. i have a normal sized head just in case you wonder... i gave up after wrestling with it. i can only imagine how uncomfortable to wear something with a tight elastic band choking me...funny... but not funny.",1,1,0,General,Tops,Knits,True,True,545,sufficient,40-49,True,CONFLICT
85,4120,121,32,"Lovely top, but too tight",The top is a pretty design. it's a low v-neck. but it would be nice for layering. it was just way to tight. runs small. order up a size.,4,0,0,Initmates,Intimate,Layering,True,False,6,thin,30-39,True,CONFLICT
86,16189,1081,68,,"This is an extremely flattering dress. i couldn't resist buying it, even though i didn't come into the store looking for a dressier dress, which i feel this is. once i tried it on, i had to purchase it. its one of those things that i know i won't regret because at some point, an occasion will show up that i'll wear it to. its soft, comfy and flowing and accentuates the body's curves without being too tight or clingy. its a classic!",1,1,1,General Petite,Dresses,Dresses,True,False,581,sufficient,60+,True,CONFLICT
87,5067,1095,27,You cannot wash,"As another reviewer pointed out, although the tag inside the dress says that you can machine wash in cold water, the color around the popsicles will bleed! this is extremely disappointing. i'm hoping it can either be fixed with dye remover, or that retailer will take this item back. would only dry clean this item.",2,1,1,General Petite,Dresses,Dresses,True,False,327,sufficient,18-29,True,CONFLICT
88,13096,1020,40,Just okay,"The skirt is not as form fitting as i had hoped. it is a lot of material that is flowy and billowy, not straight and pencil-like as shown as in the pictures. the material and design is just okay- not super wowed by it. i did size down but feel like i might need to size down even more to get more of a fitted look.",4,0,0,General,Bottoms,Skirts,True,False,158,sufficient,40-49,True,CONFLICT
89,1616,1059,85,Nice pants if you have super tiny calves,"Unique print but not great execution. the pant legs are very tight, i have average sized calves and i sized up one size. the hook closure was oddly tight and difficult to clasp. when i first saw the color it looked like burnt sienna or a dried blood color. too bad this didn't work out.",2,1,2,General,Bottoms,Pants,True,False,294,sufficient,60+,True,CONFLICT
90,2427,939,39,,Beautiful jacket and i got lots of compliments. true to size. it's not thick but it's very warm.,1,1,0,General,Tops,Sweaters,True,False,83,sufficient,30-39,True,CONFLICT
91,10565,860,61,Who was the petite fit model for this?,"I wanted to love this so much that i ordered in both a mp and sp. both have gone back. i'm petite and curvy - particularly on top. i wear petites 90% of the time. this didn't fit like a petite - it was cut like full size in every way - particularly the arm holes and length. when the mp didn't fit (i always start trying on in the larger size), i thought - well surely the small will be better. i considered keeping because i would wear it with jackets over it, then decided that was crazy. disappoin",2,0,5,General,Tops,Knits,True,True,288,sufficient,60+,False,TRUNCATED
92,6676,552,50,Unique jeans,"I love these jeans. i am usually a size 27 or 28 in boyfriend jeans and i kept the size 28. i chose the baggier fit. the size 27 did fit, but it was a more fitted look. so i guess i would say you could definitely go with your regular boyfriend size and pick the fit that you prefer. i really feel like this is a jean that you should try on before purchasing, but the availability of these makes it almost impossible. i literally stalked the site so i could purchase both sizes and choose the ones tha",5,1,1,General,Trend,Trend,True,True,4,thin,50-59,False,TRUNCATED
93,5715,819,62,A new favorite!,"This top is gorgeous and better than the web photo. i love that it goes with the off-the-shoulder trend while allowing for a normal bra - in fact, it even has the little snaps at the shoulders to hold your straps in place (awesome detail). the ruffled portion looks good over or under your arms, length hit at about my hip (5'7"" with long torso; 125lbs, 32b) and, and it has an overall flowy but not sacklike fit. i found this to fit tts (bought my usual s). beautiful vivid print looks great with wh",5,1,8,General,Tops,Blouses,True,True,61,sufficient,60+,False,TRUNCATED
94,14580,850,64,Love the ikat print,"A while back the moss ikat print appealed to me online but sometimes these style tops look maternity on me so i passed up. well abt a month ago i spotted the 'moss' in the store & had to try it! it really is cute & love the print even more in person. the size 4 was fine but the armholes exposed the bra a little & i wondered if it wld be a little too short after washing. well, the size 6 was a little longer & a tad more flowy, & oddly the armholes covered the bra (the 4 didn't). i went w/ the siz",5,1,2,General Petite,Tops,Blouses,True,True,338,sufficient,60+,False,TRUNCATED
95,16684,1110,44,Elegant casual,"This is an understated elegant denim dress. the fabric color is just the right fade and thickness (not too thin and not too thick) which is appropriate for most occasions. it?s very soft and can get a bit wrinkly but nothing major. my local retailer has only the regular size and it's true to size, size 6 (my usual size for holding horses brand) fit well around the bust and waist area (i?m 34b, 26 waist, 36 hips; busty gals may want to size up). this dress shows cleavage so if you?re conscious like",5,1,9,General,Dresses,Dresses,True,True,480,sufficient,40-49,False,TRUNCATED
96,14818,1103,31,Awkward to wear,"This dress is beautiful, made with high-quality fabric, unique design and color, etc.
but it fits so weird! i am hourglass shaped so this dress seemed pretty ideal, but i just couldn't make it work. it was heavy and awkward feeling when on, the clasp at the breast would definitely not stay closed long, and would undoubtedly need replacing sooner than later. the sleeves are too fluttery and long. the dress itself is just too bulky and has too much of that beautiful fabric. maybe a really tall, s",3,0,0,General,Dresses,Dresses,True,True,36,sufficient,30-39,False,TRUNCATED
97,21594,1077,39,Nice enough,"Too bad the blue one is sold out in my size (petite), i ordered the 00p, based on feedback at m store that it runs big, that was a good choice (i am 5'1.5"", 115 lbs#. 

the material teds to wrinkle though, so will have to think about keeping it.

cut is flattering, i like it with the belt like the picture on the model, but was nice too with the drawstring and a nice chunky necklace #bought black dress, so gold necklace is nice).

length was mid calf, but because it has a rounded hem, it wa",4,1,15,General,Dresses,Dresses,True,True,297,sufficient,30-39,False,TRUNCATED
98,5534,1081,41,"Pretty, airy dress","I tried the pink color on in the fall and liked it but wasn't sure how much i'd wear it for the price. i ordered down a size in the maize for the holidays when it went on sale. i think i prefered the subtlety of the pink/blush color. the maize is a goldenrod yellow, not as light a shade as it looks in the online picture. i'll still keep it because it is super comfy, though the sequins don't show as well as on the blush. it will look cute with leggings and boots or high heels. i didn't find it to",4,1,0,General,Dresses,Dresses,True,True,581,sufficient,40-49,False,TRUNCATED
99,3413,836,42,Soft & pretty!,"I wasn't sure about this top online. in the picture, it sort of looks like it juts out after the tie. but the reviews said it was really soft and flattering on. i wasn't sure exactly how the sizing translated (numbers vs letters), so i ventured into the store. i am normally either an xxs or xs in most retailer tops. i went with size 2. i think i would have been ok in the 0, but it might have gotten a bit snug in the shoulder area sizing down. and with the front tie, it can be cinched in to create",5,1,4,General Petite,Tops,Blouses,True,True,205,sufficient,40-49,False,TRUNCATED
100,5450,909,46,"Orange color is pretty, quality is poor","I ordered the orange in size xl. the fit on me matches the model other than being a little shorter in length.

the quality is bad. i ordered two of these sweaters and both arrived, new in the packages, with one having a small hole. the knit is so thin, as is the base material. the arms are basically see-through. it doesn't offer any warmth because of the thinness. i layered a long-sleeved white tee underneath which helped. the edge of the sleeves stretched out within an hour. i also had two area",2,0,0,General,Tops,Fine gauge,True,True,122,sufficient,40-49,False,TRUNCATED
101,16663,417,37,Perfect shorts,"I love these shorts! they are cuter in person than online. they fit perfectly--casual, somewhat loose, airy feeling. i am 5'3, 105 lbs, took my usual size 25. i wear shorts a little lower on my waist, and i prefer the looser fit. if you plan to wear them up higher on your waist, you can probably size down, but i didn't want to worry about shrinkage, and i wanted them to be easy and comfy. they washed nicely (machine wash, cold, laid flat), light iron touch up. i ordered in moss green, nice color",5,1,0,General,Bottoms,Shorts,True,True,12,thin,30-39,False,TRUNCATED
102,3823,996,45,Lovely skirt for the fall,"Very nice casual corduroy skirt for the fall. it sits nicely at the waist and the asymmetrical cut gives it some visual interest. it has a slightly a-line shape and the side seams round up a couple of inches. i took a point off for it not being lined, and the closure relies on the zipper alone instead of having a hook along with the zipper. i took my usual small and like how it fits. my only concern is that it is a little on the short side for me but since it's a fall skirt and will always be wo",5,1,9,General Petite,Bottoms,Skirts,True,True,88,sufficient,40-49,False,TRUNCATED
103,14909,1098,33,Worth the hype,"I had been hearing about this dress for months and was so excited to see they brought it back in more colors. the reviews i read claimed it runs small in the chest area. i'm a true pear shape (23b, i normally wear - size 2, xs, on top and size 4-6 on the bottom, but with dresses i almost always get size 2) because of the swing a nature of the dress i decided to size down with this one. i was nervous how tight it would be up top but i also didn't want it to look like inwas wearing a sack! so i to",5,1,2,General,Dresses,Dresses,True,True,86,sufficient,30-39,False,TRUNCATED
104,4800,829,46,"Size 16 cut inconsistently, too small","This top was a big disappointment. i ordered two of the grey motif with the print of the forest animals in size 16. neither of them fit well, but one was cut much smaller than the other. i've had this problem with all of the numerically-sized buttondown style of maeve tops. i don't understand why in size 14 & 16, this keeps happening. that's why i purchase two of each. usually one fits and the other doesn't. this time, unfortunately, neither worked. they both were too tight in the arms/shoulders",1,0,3,General,Tops,Blouses,True,True,527,sufficient,40-49,False,TRUNCATED
105,17590,1086,42,This dress is not like in the photo irl,"I really like this dress but after looking at the photo, it doesn't look like this, well at least on me. granted, i am 36dd so that might be part of the reason, but this dress is definitely trapeze style. i love the look but am cringing at the thought that someone is going to think i am pregnant. because of this, a belt is a must. plus it is the only way to achieve the look in the photos because it is a lot fuller in real life. 

another nice touch to this dress is that versatility with the ru",3,1,2,General,Dresses,Dresses,True,True,291,sufficient,40-49,False,TRUNCATED
106,1016,936,28,Beautiful design but not great quality.,"I'll start with saying that it's a beautiful coat- i get tons of compliments and love the color. it runs a little big but it's meant to have to a slouchy, oversized quality to it. my only complaint is that i've had it for about 3 weeks and already one button has completely fallen off and the two inside fasteners already feel loose and very delicate. there's no extra buttons to replace the old one with and i'm worried more of the coat is going to fall apart. super bummed about the construction qu",3,1,4,General,Tops,Sweaters,True,True,358,sufficient,18-29,False,TRUNCATED
107,12222,301,35,"Good, not great...","I had ordered another retailer suit awhile back in an xl because my usual lg was not available, and lets say i was swimming in the xl, much to big. so when this suit came up for sale i snatched it up in lg. when i compare the two, the lg is over 4inches smaller than the xl, seems like quite a big jump in the sizing. the suit fits in the body quite well, however it's a bit snug in the side bust area. strangely, the suit has boning on the side of the bust, and also the silicone grip on the top edge,",3,0,2,Initmates,Intimate,Swim,True,True,4,thin,30-39,False,TRUNCATED
108,15497,1022,66,Almost,"Having never tried this brand, i didn't know what to expect. these are a boyfriend cut with a straight leg, not fitted like a skinny jean. the fabric is soft and lightweight, definitely a summer time jean. the stripes are nice, subtle but noticeable. i ordered the 31's, i'm a size 12 and they fit okay. i have a tummy and the jeans fit oddly in the front crotch area, almost tight and clearly defining the dreaded camel toe. i tried them with a variety of undergarments with the same result every ti",4,1,0,General,Bottoms,Jeans,True,True,204,sufficient,60+,False,TRUNCATED
109,3011,1082,45,Cute....but,"This is a cute, flattering dress, however the drop-waist, the short length and the odd-length sleeves (shorter than shown in the photos!!!) added up to me feeling like i was dressing way to young. it just didn't convey an elegant, mature vibe. this dress is perfect for a 20s-30s woman who wants a versatile dress to wear on many occasions. it's great because it's not too expensive and you could wear it with any type of shoes.

my big problem is the lack of transparency regarding the actual slee",3,1,1,General,Dresses,Dresses,True,True,147,sufficient,40-49,False,TRUNCATED
110,301,984,38,Perfect denim jacket,"I have been searching for the perfect denim jacket and this it! i love the darker color, more modern day less 80s. it runs a little small. i am always either a s or xs at retailer. lately, their clothes seem to be running a little bigger, so i have been an xs in most tops. when i order online, i never know which size to get. i ordered an xs, however it was very tight in the arms and across the shoulders. i wanted to be able to roll the sleeves up, so i returned it for a s and it fits great. i was",5,1,0,General Petite,Jackets,Jackets,True,True,175,sufficient,30-39,False,TRUNCATED
111,3919,460,38,Gto for a summer night out,"This romper is my new go to outfit for a summer night out. the material is light weight, not flimsy. you could dress up or down. the bottoms are the perfect length. i'm a bit short-waisted, 5'7"",125lbs and the small fit.",5,1,0,General,Bottoms,Shorts,True,False,15,thin,30-39,False,POSITIVE
112,326,836,43,Better in person,"I didn't think anything of this top online (i really don't care for how they styled it) but in store it was more interesting. i'm currently anywhere between a 2-4-6 / xs-s-m, depending on the style, 5'3"" 120lb 34b. size 2 regular in this top fit me perfectly. for some reason, on me, the sleeves were elongating and flattering (closer to my elbow) and the overall length hit me perfectly at the hip like on the model, the fabric is lightweight and therefore slightly sheer but, due to the color and p",5,1,1,General,Tops,Blouses,True,True,205,sufficient,40-49,False,POSITIVE
113,9407,1094,39,Boho and beautiful,"Love this dress. it is airy, lightweight, and comfortable - the kind of dress i'm sure i will wear all summer long. from the pics online i thought the sleeves would have embroidered detail, however it was just the print of the fabric. i like it just the same. it comes with a slip underneath so it swings nicely. i ordered it in both a s and xs. there is plenty of fabric and it is not at all cling-y so the xs was fine. excited to wear it!",5,1,1,General Petite,Dresses,Dresses,True,False,756,sufficient,30-39,False,POSITIVE
114,21862,868,65,So soft,"The fabric on this top is just so soft. it's a thin cotton knit, and drapes beautifully.

the top runs tts, but.....it is tailored to the body. it's not loose and wide in the width. the length hits the top of the hips just as shown.

this works for casual or dress. for dress, i just put a fancy rhinestone pin over where the knot is. btw, i bought this in black, which is why adding the pin glams it up. although i bought it in black, it's not sheer so a cami isn't needed.",5,1,1,General,Tops,Knits,True,False,430,sufficient,60+,False,POSITIVE
115,22948,1107,58,Comfortable knit dress,"I'm a 12/14 and i got a large and the dress fits nicely through the hips/seat. i'm kind of pear shaped so it's a bit large through the top, but i intend to layer another knit top under it so that's ok. 
 i didn't want the knit dress to be too tight or else it would stretch out after sitting. i like the colors and the fabric. the weave is loose and after snagging it on my glasses taking it off i'm careful with it. it will be nice into fall with a sweater.",5,1,2,General Petite,Dresses,Dresses,True,False,27,sufficient,50-59,False,POSITIVE
116,13819,898,72,Love,"Runs small. great quality. haven't washed it yet, but guessing it will shrink if i dry it. awesome texture- waffle knit. i got the stripe. it has a removable palm tree pin!",5,1,0,General,Tops,Fine gauge,True,False,28,sufficient,60+,False,POSITIVE
117,8457,510,40,,"I love elosie sleepwear, everything is well made and beautiful designs. i am 5'5"" and wear a size 4, the small fits great. i love the embroidery it is a nice touch, and the pink is a pretty contrast.",5,1,2,General Petite,Intimate,Lounge,True,False,3,thin,40-49,False,POSITIVE
118,14438,1078,35,"Beautiful bright color, form fitting.","I wasn't sure the color would be good on me (pale with reddish hair) but it is great for my complexion. on to the fit...it fits small, imo. i'm a 10, sometimes 8. i got the 10 and it is very form fitting. don't get me wrong, it does a great job of holding it all in and giving a great overall silhouette. but, it's not that comfy to sit in and i have to suck in to have a flat belly in it. trying to decide if i should send back and try a 12??",5,1,1,General Petite,Dresses,Dresses,True,False,1024,sufficient,30-39,False,POSITIVE
119,3773,1025,73,"Great fit, great wash. don't stretch out!","These are my new favorite jeans. the gray wash is nice, and the distressing is subtle enough that i can wear these to work. the rise is high enough that i don't need to worry about bending over but not so high that they get near my belly button. and the description is true: they don't stretch! i'm a loyal ag stevie shopper, and the fit on these is similar... just a little skinnier in the ankles, maybe. true to size. a little long, so i'll probably hem them a couple of inches.",5,1,1,General,Bottoms,Jeans,True,False,125,sufficient,60+,False,POSITIVE
120,16071,1068,63,,"Pants are professional, super comfortable and color matches loads of tops. love them.",5,1,0,General Petite,Bottoms,Pants,True,False,114,sufficient,60+,False,POSITIVE
